"Ref_Date","COMPONENTS","Value"
"2008/01","Total generation","59082501.0"
"2008/02","Total generation","55885424.0"
"2008/03","Total generation","55068839.0"
"2008/04","Total generation","48248631.0"
"2008/05","Total generation","45495615.0"
"2008/06","Total generation","44966961.0"
"2008/07","Total generation","49424948.0"
"2008/08","Total generation","48066719.0"
"2008/09","Total generation","43684551.0"
"2008/10","Total generation","46570962.0"
"2008/11","Total generation","48214813.0"
"2008/12","Total generation","56568724.0"
"2009/01","Total generation","59539341.0"
"2009/02","Total generation","51232146.0"
"2009/03","Total generation","52223235.0"
"2009/04","Total generation","44174117.0"
"2009/05","Total generation","43092495.0"
"2009/06","Total generation","42537244.0"
"2009/07","Total generation","44943777.0"
"2009/08","Total generation","46021395.0"
"2009/09","Total generation","42530088.0"
"2009/10","Total generation","47357167.0"
"2009/11","Total generation","46814279.0"
"2009/12","Total generation","57035235.0"
"2010/01","Total generation","58679092.0"
"2010/02","Total generation","51859976.0"
"2010/03","Total generation","51129869.0"
"2010/04","Total generation","44237908.0"
"2010/05","Total generation","42653259.0"
"2010/06","Total generation","42534130.0"
"2010/07","Total generation","45298282.0"
"2010/08","Total generation","43655176.0"
"2010/09","Total generation","39913848.0"
"2010/10","Total generation","42988948.0"
"2010/11","Total generation","47537822.0"
"2010/12","Total generation","56271377.0"
"2011/01","Total generation","58717825.0"
"2011/02","Total generation","52013676.0"
"2011/03","Total generation","53713281.0"
"2011/04","Total generation","46647271.0"
"2011/05","Total generation","45489643.0"
"2011/06","Total generation","43112968.0"
"2011/07","Total generation","47874247.0"
"2011/08","Total generation","47165459.0"
"2011/09","Total generation","43300252.0"
"2011/10","Total generation","45060611.0"
"2011/11","Total generation","47515941.0"
"2011/12","Total generation","54839638.0"
"2012/01","Total generation","58104035.0"
"2012/02","Total generation","51934746.0"
"2012/03","Total generation","51614413.0"
"2012/04","Total generation","46417982.0"
"2012/05","Total generation","45932634.0"
"2012/06","Total generation","44614478.0"
"2012/07","Total generation","48825024.0"
"2012/08","Total generation","48144767.0"
"2012/09","Total generation","43676149.0"
"2012/10","Total generation","48163383.0"
"2012/11","Total generation","51625924.0"
"2012/12","Total generation","55821469.0"
"2013/01","Total generation","59931424.0"
"2013/02","Total generation","53351007.0"
"2013/03","Total generation","54263640.0"
"2013/04","Total generation","48104442.0"
"2013/05","Total generation","46197094.0"
"2013/06","Total generation","45784142.0"
"2013/07","Total generation","48848397.0"
"2013/08","Total generation","48397125.0"
"2013/09","Total generation","44729414.0"
"2013/10","Total generation","47727959.0"
"2013/11","Total generation","52969116.0"
"2013/12","Total generation","60400808.0"
"2014/01","Total generation","60251049.0"
"2014/02","Total generation","53553403.0"
"2014/03","Total generation","55854771.0"
"2014/04","Total generation","47648737.0"
"2014/05","Total generation","45241004.0"
"2014/06","Total generation","44156323.0"
"2014/07","Total generation","46718490.0"
"2014/08","Total generation","47448094.0"
"2014/09","Total generation","44715421.0"
"2014/10","Total generation","45033527.0"
"2014/11","Total generation","51679130.0"
"2014/12","Total generation","57625402.0"
"2015/01","Total generation","60976764.0"
"2015/02","Total generation","55306305.0"
"2015/03","Total generation","55274560.0"
"2015/04","Total generation","47738184.0"
"2015/05","Total generation","44559705.0"
"2015/06","Total generation","44340191.0"
"2015/07","Total generation","46765949.0"
"2015/08","Total generation","46555243.0"
"2015/09","Total generation","43653195.0"
"2015/10","Total generation","44733343.0"
"2015/11","Total generation","48985388.0"
"2015/12","Total generation","53866923.0"
"2008/01","Total receipts","1391169.0"
"2008/02","Total receipts","1411545.0"
"2008/03","Total receipts","2003497.0"
"2008/04","Total receipts","1915680.0"
"2008/05","Total receipts","2809124.0"
"2008/06","Total receipts","3464696.0"
"2008/07","Total receipts","2053489.0"
"2008/08","Total receipts","1381673.0"
"2008/09","Total receipts","1841723.0"
"2008/10","Total receipts","2003055.0"
"2008/11","Total receipts","2047542.0"
"2008/12","Total receipts","1569298.0"
"2009/01","Total receipts","2439724.0"
"2009/02","Total receipts","1559257.0"
"2009/03","Total receipts","1673849.0"
"2009/04","Total receipts","1451687.0"
"2009/05","Total receipts","1350757.0"
"2009/06","Total receipts","1557408.0"
"2009/07","Total receipts","1446128.0"
"2009/08","Total receipts","1350557.0"
"2009/09","Total receipts","1356274.0"
"2009/10","Total receipts","1318493.0"
"2009/11","Total receipts","1251268.0"
"2009/12","Total receipts","1516945.0"
"2010/01","Total receipts","1204844.0"
"2010/02","Total receipts","1012372.0"
"2010/03","Total receipts","1294529.0"
"2010/04","Total receipts","1263209.0"
"2010/05","Total receipts","1721865.0"
"2010/06","Total receipts","1515995.0"
"2010/07","Total receipts","1418305.0"
"2010/08","Total receipts","1806949.0"
"2010/09","Total receipts","2356975.0"
"2010/10","Total receipts","2097231.0"
"2010/11","Total receipts","1744539.0"
"2010/12","Total receipts","1216150.0"
"2011/01","Total receipts","1560658.0"
"2011/02","Total receipts","1490752.0"
"2011/03","Total receipts","1505577.0"
"2011/04","Total receipts","1567236.0"
"2011/05","Total receipts","1221910.0"
"2011/06","Total receipts","1243839.0"
"2011/07","Total receipts","1145486.0"
"2011/08","Total receipts","909230.0"
"2011/09","Total receipts","981278.0"
"2011/10","Total receipts","905612.0"
"2011/11","Total receipts","1094044.0"
"2011/12","Total receipts","922171.0"
"2012/01","Total receipts","900778.0"
"2012/02","Total receipts","838173.0"
"2012/03","Total receipts","1164406.0"
"2012/04","Total receipts","1220108.0"
"2012/05","Total receipts","1106350.0"
"2012/06","Total receipts","1148079.0"
"2012/07","Total receipts","917393.0"
"2012/08","Total receipts","756043.0"
"2012/09","Total receipts","832463.0"
"2012/10","Total receipts","704450.0"
"2012/11","Total receipts","765585.0"
"2012/12","Total receipts","1038440.0"
"2013/01","Total receipts","981973.0"
"2013/02","Total receipts","788236.0"
"2013/03","Total receipts","894360.0"
"2013/04","Total receipts","1191649.0"
"2013/05","Total receipts","901011.0"
"2013/06","Total receipts","722220.0"
"2013/07","Total receipts","926856.0"
"2013/08","Total receipts","791665.0"
"2013/09","Total receipts","668991.0"
"2013/10","Total receipts","914856.0"
"2013/11","Total receipts","846985.0"
"2013/12","Total receipts","1055892.0"
"2014/01","Total receipts","1246040.0"
"2014/02","Total receipts","1256663.0"
"2014/03","Total receipts","1901031.0"
"2014/04","Total receipts","1300754.0"
"2014/05","Total receipts","1132256.0"
"2014/06","Total receipts","1008558.0"
"2014/07","Total receipts","993624.0"
"2014/08","Total receipts","826275.0"
"2014/09","Total receipts","729600.0"
"2014/10","Total receipts","731940.0"
"2014/11","Total receipts","907413.0"
"2014/12","Total receipts","783652.0"
"2015/01","Total receipts","782742.0"
"2015/02","Total receipts","1322142.0"
"2015/03","Total receipts","910845.0"
"2015/04","Total receipts","552064.0"
"2015/05","Total receipts","576268.0"
"2015/06","Total receipts","593855.0"
"2015/07","Total receipts","614025.0"
"2015/08","Total receipts","623946.0"
"2015/09","Total receipts","675607.0"
"2015/10","Total receipts","606010.0"
"2015/11","Total receipts","628022.0"
"2015/12","Total receipts","772454.0"
"2008/01","Purchased receipts from the United States","1337651.0"
"2008/02","Purchased receipts from the United States","1280003.0"
"2008/03","Purchased receipts from the United States","1999111.0"
"2008/04","Purchased receipts from the United States","1909569.0"
"2008/05","Purchased receipts from the United States","2799342.0"
"2008/06","Purchased receipts from the United States","3456709.0"
"2008/07","Purchased receipts from the United States","2049217.0"
"2008/08","Purchased receipts from the United States","1376537.0"
"2008/09","Purchased receipts from the United States","1692539.0"
"2008/10","Purchased receipts from the United States","1986351.0"
"2008/11","Purchased receipts from the United States","1997185.0"
"2008/12","Purchased receipts from the United States","1397562.0"
"2009/01","Purchased receipts from the United States","2215572.0"
"2009/02","Purchased receipts from the United States","1496477.0"
"2009/03","Purchased receipts from the United States","1670572.0"
"2009/04","Purchased receipts from the United States","1447858.0"
"2009/05","Purchased receipts from the United States","1347029.0"
"2009/06","Purchased receipts from the United States","1555276.0"
"2009/07","Purchased receipts from the United States","1338816.0"
"2009/08","Purchased receipts from the United States","1267502.0"
"2009/09","Purchased receipts from the United States","1310958.0"
"2009/10","Purchased receipts from the United States","1318493.0"
"2009/11","Purchased receipts from the United States","1247267.0"
"2009/12","Purchased receipts from the United States","1277161.0"
"2010/01","Purchased receipts from the United States","1154440.0"
"2010/02","Purchased receipts from the United States","1009227.0"
"2010/03","Purchased receipts from the United States","1292349.0"
"2010/04","Purchased receipts from the United States","1261848.0"
"2010/05","Purchased receipts from the United States","1721865.0"
"2010/06","Purchased receipts from the United States","1515995.0"
"2010/07","Purchased receipts from the United States","1418305.0"
"2010/08","Purchased receipts from the United States","1748557.0"
"2010/09","Purchased receipts from the United States","2351295.0"
"2010/10","Purchased receipts from the United States","2097231.0"
"2010/11","Purchased receipts from the United States","1703043.0"
"2010/12","Purchased receipts from the United States","1174654.0"
"2011/01","Purchased receipts from the United States","1560658.0"
"2011/02","Purchased receipts from the United States","1487606.0"
"2011/03","Purchased receipts from the United States","1505577.0"
"2011/04","Purchased receipts from the United States","1565218.0"
"2011/05","Purchased receipts from the United States","1221910.0"
"2011/06","Purchased receipts from the United States","1243839.0"
"2011/07","Purchased receipts from the United States","1145486.0"
"2011/08","Purchased receipts from the United States","909230.0"
"2011/09","Purchased receipts from the United States","939950.0"
"2011/10","Purchased receipts from the United States","872612.0"
"2011/11","Purchased receipts from the United States","1093846.0"
"2011/12","Purchased receipts from the United States","841531.0"
"2012/01","Purchased receipts from the United States","900778.0"
"2012/02","Purchased receipts from the United States","838173.0"
"2012/03","Purchased receipts from the United States","1164406.0"
"2012/04","Purchased receipts from the United States","1220108.0"
"2012/05","Purchased receipts from the United States","1106350.0"
"2012/06","Purchased receipts from the United States","1148079.0"
"2012/07","Purchased receipts from the United States","917393.0"
"2012/08","Purchased receipts from the United States","756043.0"
"2012/09","Purchased receipts from the United States","832463.0"
"2012/10","Purchased receipts from the United States","704450.0"
"2012/11","Purchased receipts from the United States","765585.0"
"2012/12","Purchased receipts from the United States","1038440.0"
"2013/01","Purchased receipts from the United States","981973.0"
"2013/02","Purchased receipts from the United States","788236.0"
"2013/03","Purchased receipts from the United States","894360.0"
"2013/04","Purchased receipts from the United States","1191649.0"
"2013/05","Purchased receipts from the United States","901011.0"
"2013/06","Purchased receipts from the United States","722220.0"
"2013/07","Purchased receipts from the United States","926856.0"
"2013/08","Purchased receipts from the United States","791665.0"
"2013/09","Purchased receipts from the United States","668991.0"
"2013/10","Purchased receipts from the United States","914856.0"
"2013/11","Purchased receipts from the United States","846985.0"
"2013/12","Purchased receipts from the United States","1055892.0"
"2014/01","Purchased receipts from the United States","1246040.0"
"2014/02","Purchased receipts from the United States","1256663.0"
"2014/03","Purchased receipts from the United States","1901031.0"
"2014/04","Purchased receipts from the United States","1300754.0"
"2014/05","Purchased receipts from the United States","1132256.0"
"2014/06","Purchased receipts from the United States","1008558.0"
"2014/07","Purchased receipts from the United States","993624.0"
"2014/08","Purchased receipts from the United States","826275.0"
"2014/09","Purchased receipts from the United States","729600.0"
"2014/10","Purchased receipts from the United States","731940.0"
"2014/11","Purchased receipts from the United States","907413.0"
"2014/12","Purchased receipts from the United States","783652.0"
"2015/01","Purchased receipts from the United States","782742.0"
"2015/02","Purchased receipts from the United States","1322142.0"
"2015/03","Purchased receipts from the United States","910845.0"
"2015/04","Purchased receipts from the United States","552064.0"
"2015/05","Purchased receipts from the United States","576268.0"
"2015/06","Purchased receipts from the United States","593855.0"
"2015/07","Purchased receipts from the United States","614025.0"
"2015/08","Purchased receipts from the United States","623946.0"
"2015/09","Purchased receipts from the United States","675607.0"
"2015/10","Purchased receipts from the United States","606010.0"
"2015/11","Purchased receipts from the United States","628022.0"
"2015/12","Purchased receipts from the United States","772454.0"
"2008/01","Other receipts from the United States","53518.0"
"2008/02","Other receipts from the United States","131542.0"
"2008/03","Other receipts from the United States","4386.0"
"2008/04","Other receipts from the United States","6111.0"
"2008/05","Other receipts from the United States","9782.0"
"2008/06","Other receipts from the United States","7987.0"
"2008/07","Other receipts from the United States","4272.0"
"2008/08","Other receipts from the United States","5136.0"
"2008/09","Other receipts from the United States","149184.0"
"2008/10","Other receipts from the United States","16704.0"
"2008/11","Other receipts from the United States","50357.0"
"2008/12","Other receipts from the United States","171736.0"
"2009/01","Other receipts from the United States","224152.0"
"2009/02","Other receipts from the United States","62780.0"
"2009/03","Other receipts from the United States","3277.0"
"2009/04","Other receipts from the United States","3829.0"
"2009/05","Other receipts from the United States","3728.0"
"2009/06","Other receipts from the United States","2132.0"
"2009/07","Other receipts from the United States","107312.0"
"2009/08","Other receipts from the United States","83055.0"
"2009/09","Other receipts from the United States","45316.0"
"2009/10","Other receipts from the United States","0.0"
"2009/11","Other receipts from the United States","4001.0"
"2009/12","Other receipts from the United States","239784.0"
"2010/01","Other receipts from the United States","50404.0"
"2010/02","Other receipts from the United States","3145.0"
"2010/03","Other receipts from the United States","2180.0"
"2010/04","Other receipts from the United States","1361.0"
"2010/05","Other receipts from the United States","0.0"
"2010/06","Other receipts from the United States","0.0"
"2010/07","Other receipts from the United States","0.0"
"2010/08","Other receipts from the United States","58392.0"
"2010/09","Other receipts from the United States","5680.0"
"2010/10","Other receipts from the United States","0.0"
"2010/11","Other receipts from the United States","41496.0"
"2010/12","Other receipts from the United States","41496.0"
"2011/01","Other receipts from the United States","0.0"
"2011/02","Other receipts from the United States","3146.0"
"2011/03","Other receipts from the United States","0.0"
"2011/04","Other receipts from the United States","2018.0"
"2011/05","Other receipts from the United States",".."
"2011/06","Other receipts from the United States",".."
"2011/07","Other receipts from the United States",".."
"2011/08","Other receipts from the United States",".."
"2011/09","Other receipts from the United States","41328.0"
"2011/10","Other receipts from the United States","33000.0"
"2011/11","Other receipts from the United States","198.0"
"2011/12","Other receipts from the United States","80640.0"
"2012/01","Other receipts from the United States",".."
"2012/02","Other receipts from the United States",".."
"2012/03","Other receipts from the United States",".."
"2012/04","Other receipts from the United States",".."
"2012/05","Other receipts from the United States",".."
"2012/06","Other receipts from the United States",".."
"2012/07","Other receipts from the United States",".."
"2012/08","Other receipts from the United States",".."
"2012/09","Other receipts from the United States",".."
"2012/10","Other receipts from the United States",".."
"2012/11","Other receipts from the United States",".."
"2012/12","Other receipts from the United States",".."
"2013/01","Other receipts from the United States",".."
"2013/02","Other receipts from the United States",".."
"2013/03","Other receipts from the United States",".."
"2013/04","Other receipts from the United States",".."
"2013/05","Other receipts from the United States",".."
"2013/06","Other receipts from the United States",".."
"2013/07","Other receipts from the United States",".."
"2013/08","Other receipts from the United States",".."
"2013/09","Other receipts from the United States",".."
"2013/10","Other receipts from the United States",".."
"2013/11","Other receipts from the United States",".."
"2013/12","Other receipts from the United States",".."
"2014/01","Other receipts from the United States",".."
"2014/02","Other receipts from the United States",".."
"2014/03","Other receipts from the United States",".."
"2014/04","Other receipts from the United States",".."
"2014/05","Other receipts from the United States",".."
"2014/06","Other receipts from the United States",".."
"2014/07","Other receipts from the United States",".."
"2014/08","Other receipts from the United States",".."
"2014/09","Other receipts from the United States",".."
"2014/10","Other receipts from the United States",".."
"2014/11","Other receipts from the United States",".."
"2014/12","Other receipts from the United States",".."
"2015/01","Other receipts from the United States",".."
"2015/02","Other receipts from the United States",".."
"2015/03","Other receipts from the United States",".."
"2015/04","Other receipts from the United States",".."
"2015/05","Other receipts from the United States",".."
"2015/06","Other receipts from the United States",".."
"2015/07","Other receipts from the United States",".."
"2015/08","Other receipts from the United States",".."
"2015/09","Other receipts from the United States",".."
"2015/10","Other receipts from the United States",".."
"2015/11","Other receipts from the United States",".."
"2015/12","Other receipts from the United States",".."
"2008/01","Total deliveries","4627072.0"
"2008/02","Total deliveries","4382286.0"
"2008/03","Total deliveries","4299961.0"
"2008/04","Total deliveries","4753023.0"
"2008/05","Total deliveries","5177177.0"
"2008/06","Total deliveries","6086379.0"
"2008/07","Total deliveries","6678709.0"
"2008/08","Total deliveries","5771333.0"
"2008/09","Total deliveries","4057785.0"
"2008/10","Total deliveries","3546700.0"
"2008/11","Total deliveries","3202837.0"
"2008/12","Total deliveries","3380412.0"
"2009/01","Total deliveries","3915052.0"
"2009/02","Total deliveries","3521688.0"
"2009/03","Total deliveries","3645506.0"
"2009/04","Total deliveries","3281888.0"
"2009/05","Total deliveries","4104792.0"
"2009/06","Total deliveries","4744612.0"
"2009/07","Total deliveries","5483183.0"
"2009/08","Total deliveries","5829371.0"
"2009/09","Total deliveries","4450843.0"
"2009/10","Total deliveries","4676678.0"
"2009/11","Total deliveries","3785893.0"
"2009/12","Total deliveries","4541894.0"
"2010/01","Total deliveries","5237709.0"
"2010/02","Total deliveries","4404253.0"
"2010/03","Total deliveries","4471359.0"
"2010/04","Total deliveries","3842622.0"
"2010/05","Total deliveries","3003123.0"
"2010/06","Total deliveries","3878827.0"
"2010/07","Total deliveries","4262417.0"
"2010/08","Total deliveries","3591530.0"
"2010/09","Total deliveries","2842323.0"
"2010/10","Total deliveries","2402668.0"
"2010/11","Total deliveries","2562892.0"
"2010/12","Total deliveries","3873172.0"
"2011/01","Total deliveries","4241323.0"
"2011/02","Total deliveries","3672338.0"
"2011/03","Total deliveries","3955549.0"
"2011/04","Total deliveries","3788001.0"
"2011/05","Total deliveries","4846651.0"
"2011/06","Total deliveries","4441849.0"
"2011/07","Total deliveries","5960986.0"
"2011/08","Total deliveries","5521981.0"
"2011/09","Total deliveries","4000875.0"
"2011/10","Total deliveries","3577903.0"
"2011/11","Total deliveries","3333021.0"
"2011/12","Total deliveries","4115586.0"
"2012/01","Total deliveries","4078760.0"
"2012/02","Total deliveries","3477900.0"
"2012/03","Total deliveries","4111313.0"
"2012/04","Total deliveries","4922529.0"
"2012/05","Total deliveries","5396483.0"
"2012/06","Total deliveries","5327151.0"
"2012/07","Total deliveries","6601002.0"
"2012/08","Total deliveries","6273071.0"
"2012/09","Total deliveries","4819873.0"
"2012/10","Total deliveries","4272844.0"
"2012/11","Total deliveries","4531716.0"
"2012/12","Total deliveries","4221758.0"
"2013/01","Total deliveries","4829242.0"
"2013/02","Total deliveries","4521790.0"
"2013/03","Total deliveries","5037927.0"
"2013/04","Total deliveries","4558312.0"
"2013/05","Total deliveries","5434880.0"
"2013/06","Total deliveries","5700809.0"
"2013/07","Total deliveries","6315272.0"
"2013/08","Total deliveries","6428513.0"
"2013/09","Total deliveries","5115295.0"
"2013/10","Total deliveries","4763841.0"
"2013/11","Total deliveries","4668125.0"
"2013/12","Total deliveries","4780263.0"
"2014/01","Total deliveries","4853466.0"
"2014/02","Total deliveries","3813088.0"
"2014/03","Total deliveries","4984556.0"
"2014/04","Total deliveries","4191107.0"
"2014/05","Total deliveries","4792665.0"
"2014/06","Total deliveries","4885078.0"
"2014/07","Total deliveries","5696365.0"
"2014/08","Total deliveries","6067686.0"
"2014/09","Total deliveries","5429566.0"
"2014/10","Total deliveries","3823724.0"
"2014/11","Total deliveries","4902228.0"
"2014/12","Total deliveries","5355157.0"
"2015/01","Total deliveries","5424706.0"
"2015/02","Total deliveries","4953426.0"
"2015/03","Total deliveries","6012486.0"
"2015/04","Total deliveries","5785970.0"
"2015/05","Total deliveries","5920650.0"
"2015/06","Total deliveries","5925959.0"
"2015/07","Total deliveries","6121143.0"
"2015/08","Total deliveries","6179551.0"
"2015/09","Total deliveries","5834924.0"
"2015/10","Total deliveries","4580981.0"
"2015/11","Total deliveries","5168630.0"
"2015/12","Total deliveries","5188578.0"
"2008/01","Deliveries to the United States","4627072.0"
"2008/02","Deliveries to the United States","4382286.0"
"2008/03","Deliveries to the United States","4299961.0"
"2008/04","Deliveries to the United States","4753023.0"
"2008/05","Deliveries to the United States","5177177.0"
"2008/06","Deliveries to the United States","6086379.0"
"2008/07","Deliveries to the United States","6678709.0"
"2008/08","Deliveries to the United States","5771333.0"
"2008/09","Deliveries to the United States","4057785.0"
"2008/10","Deliveries to the United States","3546700.0"
"2008/11","Deliveries to the United States","3202837.0"
"2008/12","Deliveries to the United States","3380412.0"
"2009/01","Deliveries to the United States","3915052.0"
"2009/02","Deliveries to the United States","3521688.0"
"2009/03","Deliveries to the United States","3645506.0"
"2009/04","Deliveries to the United States","3281888.0"
"2009/05","Deliveries to the United States","4104792.0"
"2009/06","Deliveries to the United States","4744612.0"
"2009/07","Deliveries to the United States","5483183.0"
"2009/08","Deliveries to the United States","5829371.0"
"2009/09","Deliveries to the United States","4450843.0"
"2009/10","Deliveries to the United States","4676678.0"
"2009/11","Deliveries to the United States","3785893.0"
"2009/12","Deliveries to the United States","4541894.0"
"2010/01","Deliveries to the United States","5237709.0"
"2010/02","Deliveries to the United States","4404253.0"
"2010/03","Deliveries to the United States","4471359.0"
"2010/04","Deliveries to the United States","3842622.0"
"2010/05","Deliveries to the United States","3003123.0"
"2010/06","Deliveries to the United States","3878827.0"
"2010/07","Deliveries to the United States","4262417.0"
"2010/08","Deliveries to the United States","3591530.0"
"2010/09","Deliveries to the United States","2842323.0"
"2010/10","Deliveries to the United States","2402668.0"
"2010/11","Deliveries to the United States","2562892.0"
"2010/12","Deliveries to the United States","3873172.0"
"2011/01","Deliveries to the United States","4241323.0"
"2011/02","Deliveries to the United States","3672338.0"
"2011/03","Deliveries to the United States","3955549.0"
"2011/04","Deliveries to the United States","3788001.0"
"2011/05","Deliveries to the United States","4846651.0"
"2011/06","Deliveries to the United States","4441849.0"
"2011/07","Deliveries to the United States","5960986.0"
"2011/08","Deliveries to the United States","5521981.0"
"2011/09","Deliveries to the United States","4000875.0"
"2011/10","Deliveries to the United States","3577903.0"
"2011/11","Deliveries to the United States","3333021.0"
"2011/12","Deliveries to the United States","4115586.0"
"2012/01","Deliveries to the United States","4078760.0"
"2012/02","Deliveries to the United States","3477900.0"
"2012/03","Deliveries to the United States","4111313.0"
"2012/04","Deliveries to the United States","4922529.0"
"2012/05","Deliveries to the United States","5396483.0"
"2012/06","Deliveries to the United States","5327151.0"
"2012/07","Deliveries to the United States","6601002.0"
"2012/08","Deliveries to the United States","6273071.0"
"2012/09","Deliveries to the United States","4819873.0"
"2012/10","Deliveries to the United States","4272844.0"
"2012/11","Deliveries to the United States","4531716.0"
"2012/12","Deliveries to the United States","4221758.0"
"2013/01","Deliveries to the United States","4829242.0"
"2013/02","Deliveries to the United States","4521790.0"
"2013/03","Deliveries to the United States","5037927.0"
"2013/04","Deliveries to the United States","4558312.0"
"2013/05","Deliveries to the United States","5434880.0"
"2013/06","Deliveries to the United States","5700809.0"
"2013/07","Deliveries to the United States","6315272.0"
"2013/08","Deliveries to the United States","6428513.0"
"2013/09","Deliveries to the United States","5115295.0"
"2013/10","Deliveries to the United States","4763841.0"
"2013/11","Deliveries to the United States","4668125.0"
"2013/12","Deliveries to the United States","4780263.0"
"2014/01","Deliveries to the United States","4853466.0"
"2014/02","Deliveries to the United States","3813088.0"
"2014/03","Deliveries to the United States","4984556.0"
"2014/04","Deliveries to the United States","4191107.0"
"2014/05","Deliveries to the United States","4792665.0"
"2014/06","Deliveries to the United States","4885078.0"
"2014/07","Deliveries to the United States","5696365.0"
"2014/08","Deliveries to the United States","6067686.0"
"2014/09","Deliveries to the United States","5429566.0"
"2014/10","Deliveries to the United States","3823724.0"
"2014/11","Deliveries to the United States","4902228.0"
"2014/12","Deliveries to the United States","5355157.0"
"2015/01","Deliveries to the United States","5424706.0"
"2015/02","Deliveries to the United States","4953426.0"
"2015/03","Deliveries to the United States","6012486.0"
"2015/04","Deliveries to the United States","5785970.0"
"2015/05","Deliveries to the United States","5920650.0"
"2015/06","Deliveries to the United States","5925959.0"
"2015/07","Deliveries to the United States","6121143.0"
"2015/08","Deliveries to the United States","6179551.0"
"2015/09","Deliveries to the United States","5834924.0"
"2015/10","Deliveries to the United States","4580981.0"
"2015/11","Deliveries to the United States","5168630.0"
"2015/12","Deliveries to the United States","5188578.0"
"2008/01","Total firm deliveries","1455905.0"
"2008/02","Total firm deliveries","1333178.0"
"2008/03","Total firm deliveries","1235595.0"
"2008/04","Total firm deliveries","1560270.0"
"2008/05","Total firm deliveries","2217951.0"
"2008/06","Total firm deliveries","2090952.0"
"2008/07","Total firm deliveries","2285822.0"
"2008/08","Total firm deliveries","1672841.0"
"2008/09","Total firm deliveries","1350004.0"
"2008/10","Total firm deliveries","1510751.0"
"2008/11","Total firm deliveries","1249474.0"
"2008/12","Total firm deliveries","1571576.0"
"2009/01","Total firm deliveries","1841579.0"
"2009/02","Total firm deliveries","1562274.0"
"2009/03","Total firm deliveries","1649767.0"
"2009/04","Total firm deliveries","1451098.0"
"2009/05","Total firm deliveries","1783813.0"
"2009/06","Total firm deliveries","1812629.0"
"2009/07","Total firm deliveries","2387261.0"
"2009/08","Total firm deliveries","2004684.0"
"2009/09","Total firm deliveries","1305371.0"
"2009/10","Total firm deliveries","1287702.0"
"2009/11","Total firm deliveries","1068530.0"
"2009/12","Total firm deliveries","1164510.0"
"2010/01","Total firm deliveries","1221094.0"
"2010/02","Total firm deliveries","1187322.0"
"2010/03","Total firm deliveries","1135499.0"
"2010/04","Total firm deliveries","1115085.0"
"2010/05","Total firm deliveries","919097.0"
"2010/06","Total firm deliveries","1050758.0"
"2010/07","Total firm deliveries","1460387.0"
"2010/08","Total firm deliveries","1129873.0"
"2010/09","Total firm deliveries","1202287.0"
"2010/10","Total firm deliveries","1042081.0"
"2010/11","Total firm deliveries","920541.0"
"2010/12","Total firm deliveries","1315989.0"
"2011/01","Total firm deliveries","1323791.0"
"2011/02","Total firm deliveries","1001969.0"
"2011/03","Total firm deliveries","1100073.0"
"2011/04","Total firm deliveries","1046535.0"
"2011/05","Total firm deliveries","1194807.0"
"2011/06","Total firm deliveries","1188780.0"
"2011/07","Total firm deliveries","1408960.0"
"2011/08","Total firm deliveries","1272145.0"
"2011/09","Total firm deliveries","1084582.0"
"2011/10","Total firm deliveries","1022598.0"
"2011/11","Total firm deliveries","1143842.0"
"2011/12","Total firm deliveries","1060374.0"
"2012/01","Total firm deliveries","1173231.0"
"2012/02","Total firm deliveries","1049938.0"
"2012/03","Total firm deliveries","1307735.0"
"2012/04","Total firm deliveries","1501390.0"
"2012/05","Total firm deliveries","1132449.0"
"2012/06","Total firm deliveries","1333965.0"
"2012/07","Total firm deliveries","1326758.0"
"2012/08","Total firm deliveries","1447951.0"
"2012/09","Total firm deliveries","1190917.0"
"2012/10","Total firm deliveries","1193228.0"
"2012/11","Total firm deliveries","1086220.0"
"2012/12","Total firm deliveries","1139240.0"
"2013/01","Total firm deliveries","1221823.0"
"2013/02","Total firm deliveries","1073387.0"
"2013/03","Total firm deliveries","1039066.0"
"2013/04","Total firm deliveries","1123598.0"
"2013/05","Total firm deliveries","1288000.0"
"2013/06","Total firm deliveries","1392492.0"
"2013/07","Total firm deliveries","1528661.0"
"2013/08","Total firm deliveries","1474878.0"
"2013/09","Total firm deliveries","1105655.0"
"2013/10","Total firm deliveries","1064027.0"
"2013/11","Total firm deliveries","1051486.0"
"2013/12","Total firm deliveries","1023367.0"
"2014/01","Total firm deliveries","1184787.0"
"2014/02","Total firm deliveries","900469.0"
"2014/03","Total firm deliveries","1606815.0"
"2014/04","Total firm deliveries","1008452.0"
"2014/05","Total firm deliveries","1319240.0"
"2014/06","Total firm deliveries","1320714.0"
"2014/07","Total firm deliveries","1480751.0"
"2014/08","Total firm deliveries","1491461.0"
"2014/09","Total firm deliveries","1411798.0"
"2014/10","Total firm deliveries","1016742.0"
"2014/11","Total firm deliveries","982904.0"
"2014/12","Total firm deliveries","1153623.0"
"2015/01","Total firm deliveries","1250589.0"
"2015/02","Total firm deliveries","1301604.0"
"2015/03","Total firm deliveries","1383930.0"
"2015/04","Total firm deliveries","1049305.0"
"2015/05","Total firm deliveries","1155628.0"
"2015/06","Total firm deliveries","1137514.0"
"2015/07","Total firm deliveries","1046128.0"
"2015/08","Total firm deliveries","1015496.0"
"2015/09","Total firm deliveries","803347.0"
"2015/10","Total firm deliveries","797089.0"
"2015/11","Total firm deliveries","877054.0"
"2015/12","Total firm deliveries","902689.0"
"2008/01","Firm deliveries to the United States","1455905.0"
"2008/02","Firm deliveries to the United States","1333178.0"
"2008/03","Firm deliveries to the United States","1235595.0"
"2008/04","Firm deliveries to the United States","1560270.0"
"2008/05","Firm deliveries to the United States","2217951.0"
"2008/06","Firm deliveries to the United States","2090952.0"
"2008/07","Firm deliveries to the United States","2285822.0"
"2008/08","Firm deliveries to the United States","1672841.0"
"2008/09","Firm deliveries to the United States","1350004.0"
"2008/10","Firm deliveries to the United States","1510751.0"
"2008/11","Firm deliveries to the United States","1249474.0"
"2008/12","Firm deliveries to the United States","1571576.0"
"2009/01","Firm deliveries to the United States","1841579.0"
"2009/02","Firm deliveries to the United States","1562274.0"
"2009/03","Firm deliveries to the United States","1649767.0"
"2009/04","Firm deliveries to the United States","1451098.0"
"2009/05","Firm deliveries to the United States","1783813.0"
"2009/06","Firm deliveries to the United States","1812629.0"
"2009/07","Firm deliveries to the United States","2387261.0"
"2009/08","Firm deliveries to the United States","2004684.0"
"2009/09","Firm deliveries to the United States","1305371.0"
"2009/10","Firm deliveries to the United States","1287702.0"
"2009/11","Firm deliveries to the United States","1068530.0"
"2009/12","Firm deliveries to the United States","1164510.0"
"2010/01","Firm deliveries to the United States","1221094.0"
"2010/02","Firm deliveries to the United States","1187322.0"
"2010/03","Firm deliveries to the United States","1135499.0"
"2010/04","Firm deliveries to the United States","1115085.0"
"2010/05","Firm deliveries to the United States","919097.0"
"2010/06","Firm deliveries to the United States","1050758.0"
"2010/07","Firm deliveries to the United States","1460387.0"
"2010/08","Firm deliveries to the United States","1129873.0"
"2010/09","Firm deliveries to the United States","1202287.0"
"2010/10","Firm deliveries to the United States","1042081.0"
"2010/11","Firm deliveries to the United States","920541.0"
"2010/12","Firm deliveries to the United States","1315989.0"
"2011/01","Firm deliveries to the United States","1323791.0"
"2011/02","Firm deliveries to the United States","1001969.0"
"2011/03","Firm deliveries to the United States","1100073.0"
"2011/04","Firm deliveries to the United States","1046535.0"
"2011/05","Firm deliveries to the United States","1194807.0"
"2011/06","Firm deliveries to the United States","1188780.0"
"2011/07","Firm deliveries to the United States","1408960.0"
"2011/08","Firm deliveries to the United States","1272145.0"
"2011/09","Firm deliveries to the United States","1084582.0"
"2011/10","Firm deliveries to the United States","1022598.0"
"2011/11","Firm deliveries to the United States","1143842.0"
"2011/12","Firm deliveries to the United States","1060374.0"
"2012/01","Firm deliveries to the United States","1173231.0"
"2012/02","Firm deliveries to the United States","1049938.0"
"2012/03","Firm deliveries to the United States","1307735.0"
"2012/04","Firm deliveries to the United States","1501390.0"
"2012/05","Firm deliveries to the United States","1132449.0"
"2012/06","Firm deliveries to the United States","1333965.0"
"2012/07","Firm deliveries to the United States","1326758.0"
"2012/08","Firm deliveries to the United States","1447951.0"
"2012/09","Firm deliveries to the United States","1190917.0"
"2012/10","Firm deliveries to the United States","1193228.0"
"2012/11","Firm deliveries to the United States","1086220.0"
"2012/12","Firm deliveries to the United States","1139240.0"
"2013/01","Firm deliveries to the United States","1221823.0"
"2013/02","Firm deliveries to the United States","1073387.0"
"2013/03","Firm deliveries to the United States","1039066.0"
"2013/04","Firm deliveries to the United States","1123598.0"
"2013/05","Firm deliveries to the United States","1288000.0"
"2013/06","Firm deliveries to the United States","1392492.0"
"2013/07","Firm deliveries to the United States","1528661.0"
"2013/08","Firm deliveries to the United States","1474878.0"
"2013/09","Firm deliveries to the United States","1105655.0"
"2013/10","Firm deliveries to the United States","1064027.0"
"2013/11","Firm deliveries to the United States","1051486.0"
"2013/12","Firm deliveries to the United States","1023367.0"
"2014/01","Firm deliveries to the United States","1184787.0"
"2014/02","Firm deliveries to the United States","900469.0"
"2014/03","Firm deliveries to the United States","1606815.0"
"2014/04","Firm deliveries to the United States","1008452.0"
"2014/05","Firm deliveries to the United States","1319240.0"
"2014/06","Firm deliveries to the United States","1320714.0"
"2014/07","Firm deliveries to the United States","1480751.0"
"2014/08","Firm deliveries to the United States","1491461.0"
"2014/09","Firm deliveries to the United States","1411798.0"
"2014/10","Firm deliveries to the United States","1016742.0"
"2014/11","Firm deliveries to the United States","982904.0"
"2014/12","Firm deliveries to the United States","1153623.0"
"2015/01","Firm deliveries to the United States","1250589.0"
"2015/02","Firm deliveries to the United States","1301604.0"
"2015/03","Firm deliveries to the United States","1383930.0"
"2015/04","Firm deliveries to the United States","1049305.0"
"2015/05","Firm deliveries to the United States","1155628.0"
"2015/06","Firm deliveries to the United States","1137514.0"
"2015/07","Firm deliveries to the United States","1046128.0"
"2015/08","Firm deliveries to the United States","1015496.0"
"2015/09","Firm deliveries to the United States","803347.0"
"2015/10","Firm deliveries to the United States","797089.0"
"2015/11","Firm deliveries to the United States","877054.0"
"2015/12","Firm deliveries to the United States","902689.0"
"2008/01","Total non-firm deliveries","3145483.0"
"2008/02","Total non-firm deliveries","3026482.0"
"2008/03","Total non-firm deliveries","2897556.0"
"2008/04","Total non-firm deliveries","3187521.0"
"2008/05","Total non-firm deliveries","2957425.0"
"2008/06","Total non-firm deliveries","3994707.0"
"2008/07","Total non-firm deliveries","4383373.0"
"2008/08","Total non-firm deliveries","4088475.0"
"2008/09","Total non-firm deliveries","2702516.0"
"2008/10","Total non-firm deliveries","1991111.0"
"2008/11","Total non-firm deliveries","1929499.0"
"2008/12","Total non-firm deliveries","1775023.0"
"2009/01","Total non-firm deliveries","1985610.0"
"2009/02","Total non-firm deliveries","1916503.0"
"2009/03","Total non-firm deliveries","1829720.0"
"2009/04","Total non-firm deliveries","1784484.0"
"2009/05","Total non-firm deliveries","2304507.0"
"2009/06","Total non-firm deliveries","2906732.0"
"2009/07","Total non-firm deliveries","3080110.0"
"2009/08","Total non-firm deliveries","3805396.0"
"2009/09","Total non-firm deliveries","3111662.0"
"2009/10","Total non-firm deliveries","3317304.0"
"2009/11","Total non-firm deliveries","2654802.0"
"2009/12","Total non-firm deliveries","3336178.0"
"2010/01","Total non-firm deliveries","3976177.0"
"2010/02","Total non-firm deliveries","3126835.0"
"2010/03","Total non-firm deliveries","3155033.0"
"2010/04","Total non-firm deliveries","2707426.0"
"2010/05","Total non-firm deliveries","2082482.0"
"2010/06","Total non-firm deliveries","2826933.0"
"2010/07","Total non-firm deliveries","2796886.0"
"2010/08","Total non-firm deliveries","2446753.0"
"2010/09","Total non-firm deliveries","1638784.0"
"2010/10","Total non-firm deliveries","1359843.0"
"2010/11","Total non-firm deliveries","1624435.0"
"2010/12","Total non-firm deliveries","2519655.0"
"2011/01","Total non-firm deliveries","2852795.0"
"2011/02","Total non-firm deliveries","2627121.0"
"2011/03","Total non-firm deliveries","2847162.0"
"2011/04","Total non-firm deliveries","2735802.0"
"2011/05","Total non-firm deliveries","3646967.0"
"2011/06","Total non-firm deliveries","3245555.0"
"2011/07","Total non-firm deliveries","4538334.0"
"2011/08","Total non-firm deliveries","4233956.0"
"2011/09","Total non-firm deliveries","2861496.0"
"2011/10","Total non-firm deliveries","2538256.0"
"2011/11","Total non-firm deliveries","2161987.0"
"2011/12","Total non-firm deliveries","3021897.0"
"2012/01","Total non-firm deliveries","2825059.0"
"2012/02","Total non-firm deliveries","2388146.0"
"2012/03","Total non-firm deliveries","2788839.0"
"2012/04","Total non-firm deliveries","3421139.0"
"2012/05","Total non-firm deliveries","4264034.0"
"2012/06","Total non-firm deliveries","3993186.0"
"2012/07","Total non-firm deliveries","5274244.0"
"2012/08","Total non-firm deliveries","4825120.0"
"2012/09","Total non-firm deliveries","3628956.0"
"2012/10","Total non-firm deliveries","3079616.0"
"2012/11","Total non-firm deliveries","3445496.0"
"2012/12","Total non-firm deliveries","3082518.0"
"2013/01","Total non-firm deliveries","3607419.0"
"2013/02","Total non-firm deliveries","3447731.0"
"2013/03","Total non-firm deliveries","3998118.0"
"2013/04","Total non-firm deliveries","3433223.0"
"2013/05","Total non-firm deliveries","4137097.0"
"2013/06","Total non-firm deliveries","4297339.0"
"2013/07","Total non-firm deliveries","4767286.0"
"2013/08","Total non-firm deliveries","4939755.0"
"2013/09","Total non-firm deliveries","3989367.0"
"2013/10","Total non-firm deliveries","3667603.0"
"2013/11","Total non-firm deliveries","3602451.0"
"2013/12","Total non-firm deliveries","3720565.0"
"2014/01","Total non-firm deliveries","3668679.0"
"2014/02","Total non-firm deliveries","2912619.0"
"2014/03","Total non-firm deliveries","3377741.0"
"2014/04","Total non-firm deliveries","3182655.0"
"2014/05","Total non-firm deliveries","3473425.0"
"2014/06","Total non-firm deliveries","3564364.0"
"2014/07","Total non-firm deliveries","4215614.0"
"2014/08","Total non-firm deliveries","4576225.0"
"2014/09","Total non-firm deliveries","4017768.0"
"2014/10","Total non-firm deliveries","2806982.0"
"2014/11","Total non-firm deliveries","3919324.0"
"2014/12","Total non-firm deliveries","4201534.0"
"2015/01","Total non-firm deliveries","4174117.0"
"2015/02","Total non-firm deliveries","3651822.0"
"2015/03","Total non-firm deliveries","4628556.0"
"2015/04","Total non-firm deliveries","4736665.0"
"2015/05","Total non-firm deliveries","4765022.0"
"2015/06","Total non-firm deliveries","4788445.0"
"2015/07","Total non-firm deliveries","5075015.0"
"2015/08","Total non-firm deliveries","5164055.0"
"2015/09","Total non-firm deliveries","5031577.0"
"2015/10","Total non-firm deliveries","3783892.0"
"2015/11","Total non-firm deliveries","4291576.0"
"2015/12","Total non-firm deliveries","4285889.0"
"2008/01","Non-firm deliveries to the United States","3145483.0"
"2008/02","Non-firm deliveries to the United States","3026482.0"
"2008/03","Non-firm deliveries to the United States","2897556.0"
"2008/04","Non-firm deliveries to the United States","3187521.0"
"2008/05","Non-firm deliveries to the United States","2957425.0"
"2008/06","Non-firm deliveries to the United States","3994707.0"
"2008/07","Non-firm deliveries to the United States","4383373.0"
"2008/08","Non-firm deliveries to the United States","4088475.0"
"2008/09","Non-firm deliveries to the United States","2702516.0"
"2008/10","Non-firm deliveries to the United States","1991111.0"
"2008/11","Non-firm deliveries to the United States","1929499.0"
"2008/12","Non-firm deliveries to the United States","1775023.0"
"2009/01","Non-firm deliveries to the United States","1985610.0"
"2009/02","Non-firm deliveries to the United States","1916503.0"
"2009/03","Non-firm deliveries to the United States","1829720.0"
"2009/04","Non-firm deliveries to the United States","1784484.0"
"2009/05","Non-firm deliveries to the United States","2304507.0"
"2009/06","Non-firm deliveries to the United States","2906732.0"
"2009/07","Non-firm deliveries to the United States","3080110.0"
"2009/08","Non-firm deliveries to the United States","3805396.0"
"2009/09","Non-firm deliveries to the United States","3111662.0"
"2009/10","Non-firm deliveries to the United States","3317304.0"
"2009/11","Non-firm deliveries to the United States","2654802.0"
"2009/12","Non-firm deliveries to the United States","3336178.0"
"2010/01","Non-firm deliveries to the United States","3976177.0"
"2010/02","Non-firm deliveries to the United States","3126835.0"
"2010/03","Non-firm deliveries to the United States","3155033.0"
"2010/04","Non-firm deliveries to the United States","2707426.0"
"2010/05","Non-firm deliveries to the United States","2082482.0"
"2010/06","Non-firm deliveries to the United States","2826933.0"
"2010/07","Non-firm deliveries to the United States","2796886.0"
"2010/08","Non-firm deliveries to the United States","2446753.0"
"2010/09","Non-firm deliveries to the United States","1638784.0"
"2010/10","Non-firm deliveries to the United States","1359843.0"
"2010/11","Non-firm deliveries to the United States","1624435.0"
"2010/12","Non-firm deliveries to the United States","2519655.0"
"2011/01","Non-firm deliveries to the United States","2852795.0"
"2011/02","Non-firm deliveries to the United States","2627121.0"
"2011/03","Non-firm deliveries to the United States","2847162.0"
"2011/04","Non-firm deliveries to the United States","2735802.0"
"2011/05","Non-firm deliveries to the United States","3646967.0"
"2011/06","Non-firm deliveries to the United States","3245555.0"
"2011/07","Non-firm deliveries to the United States","4538334.0"
"2011/08","Non-firm deliveries to the United States","4233956.0"
"2011/09","Non-firm deliveries to the United States","2861496.0"
"2011/10","Non-firm deliveries to the United States","2538256.0"
"2011/11","Non-firm deliveries to the United States","2161987.0"
"2011/12","Non-firm deliveries to the United States","3021897.0"
"2012/01","Non-firm deliveries to the United States","2825059.0"
"2012/02","Non-firm deliveries to the United States","2388146.0"
"2012/03","Non-firm deliveries to the United States","2788839.0"
"2012/04","Non-firm deliveries to the United States","3421139.0"
"2012/05","Non-firm deliveries to the United States","4264034.0"
"2012/06","Non-firm deliveries to the United States","3993186.0"
"2012/07","Non-firm deliveries to the United States","5274244.0"
"2012/08","Non-firm deliveries to the United States","4825120.0"
"2012/09","Non-firm deliveries to the United States","3628956.0"
"2012/10","Non-firm deliveries to the United States","3079616.0"
"2012/11","Non-firm deliveries to the United States","3445496.0"
"2012/12","Non-firm deliveries to the United States","3082518.0"
"2013/01","Non-firm deliveries to the United States","3607419.0"
"2013/02","Non-firm deliveries to the United States","3447731.0"
"2013/03","Non-firm deliveries to the United States","3998118.0"
"2013/04","Non-firm deliveries to the United States","3433223.0"
"2013/05","Non-firm deliveries to the United States","4137097.0"
"2013/06","Non-firm deliveries to the United States","4297339.0"
"2013/07","Non-firm deliveries to the United States","4767286.0"
"2013/08","Non-firm deliveries to the United States","4939755.0"
"2013/09","Non-firm deliveries to the United States","3989367.0"
"2013/10","Non-firm deliveries to the United States","3667603.0"
"2013/11","Non-firm deliveries to the United States","3602451.0"
"2013/12","Non-firm deliveries to the United States","3720565.0"
"2014/01","Non-firm deliveries to the United States","3668679.0"
"2014/02","Non-firm deliveries to the United States","2912619.0"
"2014/03","Non-firm deliveries to the United States","3377741.0"
"2014/04","Non-firm deliveries to the United States","3182655.0"
"2014/05","Non-firm deliveries to the United States","3473425.0"
"2014/06","Non-firm deliveries to the United States","3564364.0"
"2014/07","Non-firm deliveries to the United States","4215614.0"
"2014/08","Non-firm deliveries to the United States","4576225.0"
"2014/09","Non-firm deliveries to the United States","4017768.0"
"2014/10","Non-firm deliveries to the United States","2806982.0"
"2014/11","Non-firm deliveries to the United States","3919324.0"
"2014/12","Non-firm deliveries to the United States","4201534.0"
"2015/01","Non-firm deliveries to the United States","4174117.0"
"2015/02","Non-firm deliveries to the United States","3651822.0"
"2015/03","Non-firm deliveries to the United States","4628556.0"
"2015/04","Non-firm deliveries to the United States","4736665.0"
"2015/05","Non-firm deliveries to the United States","4765022.0"
"2015/06","Non-firm deliveries to the United States","4788445.0"
"2015/07","Non-firm deliveries to the United States","5075015.0"
"2015/08","Non-firm deliveries to the United States","5164055.0"
"2015/09","Non-firm deliveries to the United States","5031577.0"
"2015/10","Non-firm deliveries to the United States","3783892.0"
"2015/11","Non-firm deliveries to the United States","4291576.0"
"2015/12","Non-firm deliveries to the United States","4285889.0"
"2008/01","Total other deliveries","25684.0"
"2008/02","Total other deliveries","22626.0"
"2008/03","Total other deliveries","166810.0"
"2008/04","Total other deliveries","5232.0"
"2008/05","Total other deliveries","1801.0"
"2008/06","Total other deliveries","720.0"
"2008/07","Total other deliveries","9514.0"
"2008/08","Total other deliveries","10017.0"
"2008/09","Total other deliveries","5265.0"
"2008/10","Total other deliveries","44838.0"
"2008/11","Total other deliveries","23864.0"
"2008/12","Total other deliveries","33813.0"
"2009/01","Total other deliveries","87863.0"
"2009/02","Total other deliveries","42911.0"
"2009/03","Total other deliveries","166019.0"
"2009/04","Total other deliveries","46306.0"
"2009/05","Total other deliveries","16472.0"
"2009/06","Total other deliveries","25251.0"
"2009/07","Total other deliveries","15812.0"
"2009/08","Total other deliveries","19291.0"
"2009/09","Total other deliveries","33810.0"
"2009/10","Total other deliveries","71672.0"
"2009/11","Total other deliveries","62561.0"
"2009/12","Total other deliveries","41206.0"
"2010/01","Total other deliveries","40438.0"
"2010/02","Total other deliveries","90096.0"
"2010/03","Total other deliveries","180827.0"
"2010/04","Total other deliveries","20111.0"
"2010/05","Total other deliveries","1544.0"
"2010/06","Total other deliveries","1136.0"
"2010/07","Total other deliveries","5144.0"
"2010/08","Total other deliveries","14904.0"
"2010/09","Total other deliveries","1252.0"
"2010/10","Total other deliveries","744.0"
"2010/11","Total other deliveries","17916.0"
"2010/12","Total other deliveries","37528.0"
"2011/01","Total other deliveries","64737.0"
"2011/02","Total other deliveries","43248.0"
"2011/03","Total other deliveries","8314.0"
"2011/04","Total other deliveries","5664.0"
"2011/05","Total other deliveries","4877.0"
"2011/06","Total other deliveries","7514.0"
"2011/07","Total other deliveries","13692.0"
"2011/08","Total other deliveries","15880.0"
"2011/09","Total other deliveries","54797.0"
"2011/10","Total other deliveries","17049.0"
"2011/11","Total other deliveries","27192.0"
"2011/12","Total other deliveries","33315.0"
"2012/01","Total other deliveries","80470.0"
"2012/02","Total other deliveries","39816.0"
"2012/03","Total other deliveries","14739.0"
"2012/04","Total other deliveries",".."
"2012/05","Total other deliveries",".."
"2012/06","Total other deliveries",".."
"2012/07","Total other deliveries",".."
"2012/08","Total other deliveries",".."
"2012/09","Total other deliveries",".."
"2012/10","Total other deliveries",".."
"2012/11","Total other deliveries",".."
"2012/12","Total other deliveries",".."
"2013/01","Total other deliveries",".."
"2013/02","Total other deliveries","125723.0"
"2013/03","Total other deliveries","743.0"
"2013/04","Total other deliveries","1491.0"
"2013/05","Total other deliveries","9783.0"
"2013/06","Total other deliveries","10978.0"
"2013/07","Total other deliveries","19325.0"
"2013/08","Total other deliveries","13880.0"
"2013/09","Total other deliveries","20273.0"
"2013/10","Total other deliveries","32211.0"
"2013/11","Total other deliveries","14188.0"
"2013/12","Total other deliveries","36331.0"
"2014/01","Total other deliveries",".."
"2014/02","Total other deliveries",".."
"2014/03","Total other deliveries",".."
"2014/04","Total other deliveries",".."
"2014/05","Total other deliveries",".."
"2014/06","Total other deliveries",".."
"2014/07","Total other deliveries",".."
"2014/08","Total other deliveries",".."
"2014/09","Total other deliveries",".."
"2014/10","Total other deliveries",".."
"2014/11","Total other deliveries",".."
"2014/12","Total other deliveries",".."
"2015/01","Total other deliveries",".."
"2015/02","Total other deliveries",".."
"2015/03","Total other deliveries",".."
"2015/04","Total other deliveries",".."
"2015/05","Total other deliveries",".."
"2015/06","Total other deliveries",".."
"2015/07","Total other deliveries",".."
"2015/08","Total other deliveries",".."
"2015/09","Total other deliveries",".."
"2015/10","Total other deliveries",".."
"2015/11","Total other deliveries",".."
"2015/12","Total other deliveries",".."
"2008/01","Other deliveries to the United States","25684.0"
"2008/02","Other deliveries to the United States","22626.0"
"2008/03","Other deliveries to the United States","166810.0"
"2008/04","Other deliveries to the United States","5232.0"
"2008/05","Other deliveries to the United States","1801.0"
"2008/06","Other deliveries to the United States","720.0"
"2008/07","Other deliveries to the United States","9514.0"
"2008/08","Other deliveries to the United States","10017.0"
"2008/09","Other deliveries to the United States","5265.0"
"2008/10","Other deliveries to the United States","44838.0"
"2008/11","Other deliveries to the United States","23864.0"
"2008/12","Other deliveries to the United States","33813.0"
"2009/01","Other deliveries to the United States","87863.0"
"2009/02","Other deliveries to the United States","42911.0"
"2009/03","Other deliveries to the United States","166019.0"
"2009/04","Other deliveries to the United States","46306.0"
"2009/05","Other deliveries to the United States","16472.0"
"2009/06","Other deliveries to the United States","25251.0"
"2009/07","Other deliveries to the United States","15812.0"
"2009/08","Other deliveries to the United States","19291.0"
"2009/09","Other deliveries to the United States","33810.0"
"2009/10","Other deliveries to the United States","71672.0"
"2009/11","Other deliveries to the United States","62561.0"
"2009/12","Other deliveries to the United States","41206.0"
"2010/01","Other deliveries to the United States","40438.0"
"2010/02","Other deliveries to the United States","90096.0"
"2010/03","Other deliveries to the United States","180827.0"
"2010/04","Other deliveries to the United States","20111.0"
"2010/05","Other deliveries to the United States","1544.0"
"2010/06","Other deliveries to the United States","1136.0"
"2010/07","Other deliveries to the United States","5144.0"
"2010/08","Other deliveries to the United States","14904.0"
"2010/09","Other deliveries to the United States","1252.0"
"2010/10","Other deliveries to the United States","744.0"
"2010/11","Other deliveries to the United States","17916.0"
"2010/12","Other deliveries to the United States","37528.0"
"2011/01","Other deliveries to the United States","64737.0"
"2011/02","Other deliveries to the United States","43248.0"
"2011/03","Other deliveries to the United States","8314.0"
"2011/04","Other deliveries to the United States","5664.0"
"2011/05","Other deliveries to the United States","4877.0"
"2011/06","Other deliveries to the United States","7514.0"
"2011/07","Other deliveries to the United States","13692.0"
"2011/08","Other deliveries to the United States","15880.0"
"2011/09","Other deliveries to the United States","54797.0"
"2011/10","Other deliveries to the United States","17049.0"
"2011/11","Other deliveries to the United States","27192.0"
"2011/12","Other deliveries to the United States","33315.0"
"2012/01","Other deliveries to the United States","80470.0"
"2012/02","Other deliveries to the United States","39816.0"
"2012/03","Other deliveries to the United States","14739.0"
"2012/04","Other deliveries to the United States",".."
"2012/05","Other deliveries to the United States",".."
"2012/06","Other deliveries to the United States",".."
"2012/07","Other deliveries to the United States",".."
"2012/08","Other deliveries to the United States",".."
"2012/09","Other deliveries to the United States",".."
"2012/10","Other deliveries to the United States",".."
"2012/11","Other deliveries to the United States",".."
"2012/12","Other deliveries to the United States",".."
"2013/01","Other deliveries to the United States",".."
"2013/02","Other deliveries to the United States","672.0"
"2013/03","Other deliveries to the United States","743.0"
"2013/04","Other deliveries to the United States","1491.0"
"2013/05","Other deliveries to the United States","9783.0"
"2013/06","Other deliveries to the United States","10978.0"
"2013/07","Other deliveries to the United States","19325.0"
"2013/08","Other deliveries to the United States","13880.0"
"2013/09","Other deliveries to the United States","20273.0"
"2013/10","Other deliveries to the United States","32211.0"
"2013/11","Other deliveries to the United States","14188.0"
"2013/12","Other deliveries to the United States","36331.0"
"2014/01","Other deliveries to the United States",".."
"2014/02","Other deliveries to the United States",".."
"2014/03","Other deliveries to the United States",".."
"2014/04","Other deliveries to the United States",".."
"2014/05","Other deliveries to the United States",".."
"2014/06","Other deliveries to the United States",".."
"2014/07","Other deliveries to the United States",".."
"2014/08","Other deliveries to the United States",".."
"2014/09","Other deliveries to the United States",".."
"2014/10","Other deliveries to the United States",".."
"2014/11","Other deliveries to the United States",".."
"2014/12","Other deliveries to the United States",".."
"2015/01","Other deliveries to the United States",".."
"2015/02","Other deliveries to the United States",".."
"2015/03","Other deliveries to the United States",".."
"2015/04","Other deliveries to the United States",".."
"2015/05","Other deliveries to the United States",".."
"2015/06","Other deliveries to the United States",".."
"2015/07","Other deliveries to the United States",".."
"2015/08","Other deliveries to the United States",".."
"2015/09","Other deliveries to the United States",".."
"2015/10","Other deliveries to the United States",".."
"2015/11","Other deliveries to the United States",".."
"2015/12","Other deliveries to the United States",".."
"2008/01","Total electricity available for use within specific geographic border","55846598.0"
"2008/02","Total electricity available for use within specific geographic border","52914683.0"
"2008/03","Total electricity available for use within specific geographic border","52772375.0"
"2008/04","Total electricity available for use within specific geographic border","45411288.0"
"2008/05","Total electricity available for use within specific geographic border","43127562.0"
"2008/06","Total electricity available for use within specific geographic border","42345278.0"
"2008/07","Total electricity available for use within specific geographic border","44799728.0"
"2008/08","Total electricity available for use within specific geographic border","43677059.0"
"2008/09","Total electricity available for use within specific geographic border","41468489.0"
"2008/10","Total electricity available for use within specific geographic border","45027317.0"
"2008/11","Total electricity available for use within specific geographic border","47059518.0"
"2008/12","Total electricity available for use within specific geographic border","54757610.0"
"2009/01","Total electricity available for use within specific geographic border","58064013.0"
"2009/02","Total electricity available for use within specific geographic border","49269715.0"
"2009/03","Total electricity available for use within specific geographic border","50251578.0"
"2009/04","Total electricity available for use within specific geographic border","42343916.0"
"2009/05","Total electricity available for use within specific geographic border","40338460.0"
"2009/06","Total electricity available for use within specific geographic border","39350040.0"
"2009/07","Total electricity available for use within specific geographic border","40906722.0"
"2009/08","Total electricity available for use within specific geographic border","41542581.0"
"2009/09","Total electricity available for use within specific geographic border","39435519.0"
"2009/10","Total electricity available for use within specific geographic border","43998982.0"
"2009/11","Total electricity available for use within specific geographic border","44279654.0"
"2009/12","Total electricity available for use within specific geographic border","54010286.0"
"2010/01","Total electricity available for use within specific geographic border","54646227.0"
"2010/02","Total electricity available for use within specific geographic border","48468095.0"
"2010/03","Total electricity available for use within specific geographic border","47953039.0"
"2010/04","Total electricity available for use within specific geographic border","41658495.0"
"2010/05","Total electricity available for use within specific geographic border","41372001.0"
"2010/06","Total electricity available for use within specific geographic border","40171298.0"
"2010/07","Total electricity available for use within specific geographic border","42454170.0"
"2010/08","Total electricity available for use within specific geographic border","41870595.0"
"2010/09","Total electricity available for use within specific geographic border","39428500.0"
"2010/10","Total electricity available for use within specific geographic border","42683511.0"
"2010/11","Total electricity available for use within specific geographic border","46719469.0"
"2010/12","Total electricity available for use within specific geographic border","53614355.0"
"2011/01","Total electricity available for use within specific geographic border","56037160.0"
"2011/02","Total electricity available for use within specific geographic border","49832090.0"
"2011/03","Total electricity available for use within specific geographic border","51263309.0"
"2011/04","Total electricity available for use within specific geographic border","44426506.0"
"2011/05","Total electricity available for use within specific geographic border","41864902.0"
"2011/06","Total electricity available for use within specific geographic border","39914958.0"
"2011/07","Total electricity available for use within specific geographic border","43058747.0"
"2011/08","Total electricity available for use within specific geographic border","42552708.0"
"2011/09","Total electricity available for use within specific geographic border","40280655.0"
"2011/10","Total electricity available for use within specific geographic border","42388320.0"
"2011/11","Total electricity available for use within specific geographic border","45276964.0"
"2011/12","Total electricity available for use within specific geographic border","51646223.0"
"2012/01","Total electricity available for use within specific geographic border","54926053.0"
"2012/02","Total electricity available for use within specific geographic border","49295019.0"
"2012/03","Total electricity available for use within specific geographic border","48667506.0"
"2012/04","Total electricity available for use within specific geographic border","42715561.0"
"2012/05","Total electricity available for use within specific geographic border","41642501.0"
"2012/06","Total electricity available for use within specific geographic border","40435406.0"
"2012/07","Total electricity available for use within specific geographic border","43141415.0"
"2012/08","Total electricity available for use within specific geographic border","42627739.0"
"2012/09","Total electricity available for use within specific geographic border","39688739.0"
"2012/10","Total electricity available for use within specific geographic border","44594989.0"
"2012/11","Total electricity available for use within specific geographic border","47859793.0"
"2012/12","Total electricity available for use within specific geographic border","52638151.0"
"2013/01","Total electricity available for use within specific geographic border","56084155.0"
"2013/02","Total electricity available for use within specific geographic border","49617453.0"
"2013/03","Total electricity available for use within specific geographic border","50120073.0"
"2013/04","Total electricity available for use within specific geographic border","44737779.0"
"2013/05","Total electricity available for use within specific geographic border","41663225.0"
"2013/06","Total electricity available for use within specific geographic border","40805553.0"
"2013/07","Total electricity available for use within specific geographic border","43459981.0"
"2013/08","Total electricity available for use within specific geographic border","42760277.0"
"2013/09","Total electricity available for use within specific geographic border","40283110.0"
"2013/10","Total electricity available for use within specific geographic border","43878974.0"
"2013/11","Total electricity available for use within specific geographic border","49147976.0"
"2013/12","Total electricity available for use within specific geographic border","56676437.0"
"2014/01","Total electricity available for use within specific geographic border","56643623.0"
"2014/02","Total electricity available for use within specific geographic border","50996978.0"
"2014/03","Total electricity available for use within specific geographic border","52771246.0"
"2014/04","Total electricity available for use within specific geographic border","44758384.0"
"2014/05","Total electricity available for use within specific geographic border","41580595.0"
"2014/06","Total electricity available for use within specific geographic border","40279803.0"
"2014/07","Total electricity available for use within specific geographic border","42015749.0"
"2014/08","Total electricity available for use within specific geographic border","42206683.0"
"2014/09","Total electricity available for use within specific geographic border","40015455.0"
"2014/10","Total electricity available for use within specific geographic border","41941743.0"
"2014/11","Total electricity available for use within specific geographic border","47684315.0"
"2014/12","Total electricity available for use within specific geographic border","53053897.0"
"2015/01","Total electricity available for use within specific geographic border","56334800.0"
"2015/02","Total electricity available for use within specific geographic border","51675021.0"
"2015/03","Total electricity available for use within specific geographic border","50172919.0"
"2015/04","Total electricity available for use within specific geographic border","42504278.0"
"2015/05","Total electricity available for use within specific geographic border","39215323.0"
"2015/06","Total electricity available for use within specific geographic border","39008087.0"
"2015/07","Total electricity available for use within specific geographic border","41258831.0"
"2015/08","Total electricity available for use within specific geographic border","40999638.0"
"2015/09","Total electricity available for use within specific geographic border","38493878.0"
"2015/10","Total electricity available for use within specific geographic border","40758372.0"
"2015/11","Total electricity available for use within specific geographic border","44444780.0"
"2015/12","Total electricity available for use within specific geographic border","49450799.0"
